,diaObjectId,lomb_p0,lomb_p1
1,592915218690998290,0.07776091540673061,0.22532639377641975
4,592915424849428502,0.17085176536265143,0.13793235582578228
